ICMP,1,245
ICMP,3,222
ICMP,5,182
ICMP,7,413
ICMP,9,379
ICMP,11,254
ICMP,13,330
ICMP,15,398
ICMP,17,331
ICMP,19,242
ICMP,21,389
ICMP,23,221
ICMP,25,172
ICMP,27,188
ICMP,29,375
ICMP,31,480
ICMP,33,479
ICMP,35,331
ICMP,37,374
ICMP,39,292
ICMP,41,186
ICMP,43,383
ICMP,45,229
ICMP,47,368
ICMP,50,374
ICMP,52,235
ICMP,54,449
ICMP,56,237
ICMP,58,255
ICMP,60,250
ICMP,62,370
ICMP,64,219
ICMP,66,219
ICMP,68,401
ICMP,70,377
ICMP,72,242
ICMP,74,384
ICMP,76,380
ICMP,79,433
ICMP,81,343
ICMP,83,391
ICMP,85,150
ICMP,87,301
ICMP,89,328
ICMP,91,163
ICMP,93,310
ICMP,95,275
ICMP,97,358
ICMP,99,366
ICMP,101,437
ICMP,103,340
ICMP,105,378
ICMP,107,364
ICMP,109,400
ICMP,111,429
ICMP,113,419
ICMP,115,371
ICMP,117,296
ICMP,119,575
ICMP,121,252
ICMP,123,251
ICMP,125,424
ICMP,127,240
ICMP,129,219
ICMP,131,372
ICMP,133,393
ICMP,135,390
ICMP,137,214
ICMP,139,198
ICMP,141,404
ICMP,143,223
ICMP,145,256
ICMP,147,276
ICMP,149,307
ICMP,151,202
ICMP,153,294
ICMP,155,271
ICMP,157,588
ICMP,159,397
ICMP,161,254
ICMP,163,274
ICMP,165,275
ICMP,167,273
ICMP,169,166
ICMP,172,219
ICMP,174,266
ICMP,176,364
ICMP,178,351
ICMP,180,194
ICMP,182,418
ICMP,184,348
ICMP,186,197
ICMP,188,246
ICMP,190,365
ICMP,192,376
ICMP,194,368
ICMP,196,580
ICMP,198,586
ICMP,201,314
ICMP,203,375
